Sample,Strain,THC-Total,CBD-Total
RSO CBD CO Spent Pellets,,1.89%,27.71%
Gorilla Breath,,15.48%,0.09%
Obama Kush,,15.03%,0.08%
Midnight Fantasy,,13.25%,0.10%
Bubba’s Bad Bitch,,15.00%,0.08%
ACDC,,3.85%,3.57%
Bubble,,15.91%,0.08%
DOG,,20.98%,0.08%
LOG,,17.30%,0.07%
MRC,,23.22%,0.08%
White Urkle,,22.85%,0.09%
Sample 1,,17.80%,0.27%
Gorilla Glue #4,,20.63%,0.11%
Zulu Time #1,,0.62%,16.04%
Mendo Purp,,16.52%,< 0.01%
Botofumerious aka China Girl,,15.80%,< 0.01%
Chernobyl,,13.86%,0.02%
Protected: Big Cheese 6557,,21.15%,< 0.01%
Blue Thai Haze,,21.69%,0.07%
Durban Posion,,20.02%,< 0.01%
Bubba Kush (Da Bakery),,20.15%,< 0.01%
Jah,,16.11%,< 0.01%
Hippy Crippler,,12.44%,< 0.01%
Kotton Kandy,,18.95%,0.18%
White Skunk,,18.84%,0.19%
Amnesia Haze,,17.57%,< 0.01%
PIE,,22.04%,0.01%
Blue Dream,,10.76%,< 0.01%
Pure Sex,,20.93%,0.11%
Orange Dream,,20.29%,0.10%
Girl Scout Cookies,,21.23%,0.13%
Blackberry,,19.14%,0.20%
Blue Cheese,,19.97%,0.21%
Sour Tsunami x Apogee Sour Rhino,,17.72%,0.21%
Pineapple Express MM,,22.49%,0.13%
Cinex,,18.58%,0.10%
Black Cherry Soda #2 6196,,21.49%,0.07%
Black Cherry Soda #1 0884,,22.80%,0.05%
CT,,15.42%,0.06%
SBJ,,14.78%,0.04%
Mendel OG,,18.97%,0.15%
2010 F1,,1.13%,16.49%
Blue Dream,,18.68%,0.07%
Animal OG,,22.13%,0.08%
Lemon OG,,23.28%,0.23%
Cure,,5.61%,10.06%
2010,,1.32%,17.24%
Jack,,22.46%,0.07%
I,,21.37%,0.03%
H,,22.83%,0.11%
S,,17.13%,0.09%
ACDC,,0.94%,13.66%
Purple Arrow,,16.63%,0.10%
Trade Bait Cookies,,19.94%,0.21%
Penelope’s OMG Cookie,,21.09%,0.19%
Penelope’s Acey Girl 2,,17.76%,0.20%
Penelope’s Acey Girl 3,,17.24%,0.28%
Penelope’s Cookie Solution 3,,8.74%,7.11%
Purple Prosise,,13.00%,0.19%
Samoa Cookie,,5.82%,0.06%
Candyland,,6.70%,0.06%
Glue,,6.68%,0.07%
Cheese Candy (PRE),,11.01%,0.18%
9# Hammer 2283,,22.32%,0.21%
Purple Pleiades x Sour Cyclone #4,,8.66%,4.65%
Purple Pleiades x Sour Cyclone #3,,14.02%,0.29%
9# Hammer 22810,,22.57%,0.11%
Green Crack,,13.42%,0.15%
Jeffry Stonehill,,13.69%,0.29%
Show & Tell #2,,17.42%,0.18%
Purple Pleiades x Sour Cyclone #2,,8.16%,3.45%
Purple Pleiades x Sour Cyclone #1,,9.26%,4.84%
Strawberry Mamba #4,,15.74%,0.20%
Blackberry Kush,,21.12%,0.15%
Platinum Girl Scout Cookie,,23.16%,0.16%
Predator Pink,,17.54%,0.19%
Lemon Merengue,,20.73%,0.20%
Sapphire Scout 1516,,15.35%,0.27%
Bubba Afghani 9510,,19.32%,0.11%
King Kong,,20.83%,0.22%
Gas Mask / Animal Cookies 6892,,15.73%,0.24%
Sapphire Scout 5044,,14.72%,0.26%
Charlotes Web,,6.39%,9.83%
Double Purple,,17.03%,0.16%
Kotton Kandy,,20.33%,0.15%
Tri Daddy Green,,20.35%,0.18%
MW,,19.48%,0.17%
DT,,21.95%,0.21%
SBJ,,19.08%,0.18%
Cheese Candy Post (Waters),,0.63%,< 0.01%
#2,,13.21%,0.62%
Glookie,,23.74%,0.22%
ATF,,18.39%,0.15%
Chocolate Hash Berry,,14.65%,0.10%
Mindscape,,18.38%,0.05%
Lemon Kush CBD,,5.03%,6.31%
Kluster Fuk MM,,17.23%,0.23%
FireStorm MM,,13.23%,0.22%
Phat Face MM,,15.06%,0.14%
Black Lime Reserve,,11.85%,0.20%
Big Sky OG,,19.35%,0.20%
Black Head Black Berry,,16.56%,0.23%
Pineapple 2,,15.92%,0.61%
Hog Calling Blues,,17.44%,0.21%
CBD Medi Haze,,13.11%,0.16%
ACDC Sample 2,,5.28%,6.90%
ACDC Sample 1,,5.23%,6.74%
Dragon Fruit,,15.38%,0.13%
SP50,,20.01%,0.26%
SP56,,18.96%,0.26%
SP33,,15.57%,0.25%
SP39,,14.87%,0.18%
SP52,,19.01%,0.24%
SP27,,10.16%,0.21%
Pink Lemonade,,19.77%,0.21%
OG4 Medical OG #4,,24.14%,0.23%
SBJ 3,,17.21%,0.08%
SBJ 2,,13.51%,0.07%
Cookies 2,,20.42%,0.23%
Candyland 2,,21.16%,0.24%
GK Grapefruit Kush,,20.54%,0.21%
Cookies 1,,19.40%,0.21%
Candyland 1,,18.86%,0.21%
OD Orange Dream,,18.96%,0.10%
Sample #1,,16.38%,0.20%
Pink Lemonade,,17.47%,0.13%
Blackberry,,13.36%,0.12%
BD x UF #45,,1.18%,0.09%
BD x UF #27,,0.79%,1.06%
UD x BD #23,,2.54%,0.31%
Foo #11,,2.34%,0.25%
Cannatonic #19,,0.66%,2.17%
Harle-Tsu #14,,1.78%,0.88%
Harle-Tsu #13,,0.11%,1.59%
Harle-Tsu #7,,0.12%,1.50%
SG #15,,0.74%,1.00%
MB #3,,2.74%,0.33%
UF x BD #80,,3.37%,0.16%
UF x BD #79,,2.23%,0.32%
UF x BD #76,,2.32%,0.18%
UF x BD #72,,1.97%,0.14%
UF x BD #67,,1.70%,0.18%
UF x BD #62,,4.56%,0.08%
UF x BD #60,,0.21%,1.58%
UF x BD #48,,2.84%,0.09%
UF x BD #32,,4.52%,< 0.01%
UF x BD #19,,2.95%,< 0.01%
UF x BD #13,,2.51%,< 0.01%
UF x BD #1,,1.87%,0.11%
M #23,,2.82%,< 0.01%
M #22,,2.22%,< 0.01%
M #21,,2.25%,< 0.01%
M #20,,1.87%,< 0.01%
M #19,,4.02%,< 0.01%
M #17,,2.12%,< 0.01%
M #16,,4.03%,< 0.01%
M #15,,2.19%,< 0.01%
M #14,,1.79%,< 0.01%
M #12,,3.27%,< 0.01%
M #11,,1.68%,< 0.01%
M #9,,1.91%,< 0.01%
M #8,,2.54%,0.12%
M #7,,3.46%,0.03%
M #6,,2.21%,0.10%
M #4,,0.67%,1.05%
M #3,,1.24%,1.63%
M #2,,0.15%,0.86%
M #1,,0.54%,0.68%
MB #1 F,,5.37%,0.12%
UF x BD #59 F,,6.00%,0.12%
MW F,,4.29%,0.11%
UF #3 F,,5.90%,0.03%
F-24,,5.63%,0.11%
BD x UF #1 F,,4.31%,0.04%
BD #11 F,,3.85%,0.14%
UF x BD #60,,< 0.01%,< 0.01%
#2,,13.48%,0.18%
HTSU CBD,,1.33%,19.90%
Industrial Plant CBD,,5.82%,7.29%
Dutch Treat 80-20,,18.27%,0.16%
Curious George Tester,,0.45%,6.76%
Purple Jolly Rancher,,14.45%,0.14%
Purple Jolly Rancher,,15.69%,0.14%
Purple Jolly Rancher,,16.51%,0.13%
POST RUN #1,,1.81%,0.06%
King Kong Kush,,26.55%,0.16%
Lemon Jack 0463,,23.64%,0.15%
Lemon Jack 0464,,22.84%,0.18%
Lemon Jack 0466,,22.57%,0.12%
Lemon Jack 0465,,21.88%,0.25%
Lemon Jack 0462,,21.24%,0.22%
King Kong Kush 3517,,28.39%,0.14%
OBC #4,,9.32%,0.06%
OBC #2,,14.15%,0.09%
Green Star,,18.10%,0.06%
Kimbo Kush,,16.49%,0.07%
OBC #5,,13.42%,0.07%
UK Cheese 0972,,16.51%,0.10%
Pink Pez 5874,,19.06%,0.08%
Protected: Willy Wonka 5865,,19.12%,0.08%
Protected: Willy Wonka 2322,,15.72%,0.10%
9# Hammer,,24.49%,0.10%
Cheese,,13.66%,0.06%
#1,,20.05%,0.14%
Sample C Bottom,,0.79%,16.49%
Sample B Mid,,0.70%,16.18%
Sample A Top,,0.51%,11.25%
Protected: Blue Dream 1292,,15.70%,0.08%
Cure,,6.75%,10.20%
Blue Dream,,26.19%,0.12%
Animal OG,,26.20%,0.15%
Limon OG,,25.60%,0.26%
2010 F2,,1.57%,15.73%
Jack,,24.75%,0.29%
Harley Tsu,,1.18%,14.93%
Lemon,,19.59%,0.05%
AK-47,,17.12%,0.07%
Blue Ox,,20.85%,0.15%
God Bud,,11.31%,6.86%
Pele’s Pikake Rose,,13.45%,0.07%
Tangerine Cookies,,26.12%,0.08%
Loser Bud,,19.97%,0.08%
Citrus Sap 11/27 Strannigan,,16.77%,0.05%
Charlottes Web #1,,4.28%,7.65%
Kotton Candy,,18.21%,0.07%
Pangia #2,,14.93%,0.07%
Tri Daddy Green E,,16.49%,0.05%
Gorilla Glue #4,,17.65%,0.07%
Green Crack,,18.73%,0.07%
X2,,20.93%,0.08%
X1,,17.14%,0.07%
Sample 3D,,19.87%,0.07%
Sample 1A,,16.90%,0.07%
Curious G,,0.69%,17.35%
Sour Tsunami,,1.04%,11.77%
#9,,19.58%,0.07%
#8,,13.90%,0.07%
#7,,15.43%,0.07%
#6,,22.20%,0.11%
#5,,16.81%,0.09%
#4,,14.37%,0.09%
#3,,19.92%,0.07%
#2,,13.92%,0.12%
#1,,16.07%,0.09%
#13,,19.87%,0.07%
#12,,17.79%,0.08%
#11,,21.80%,0.03%
#10,,18.67%,0.07%
Cookie Monster Kush,,18.73%,0.05%
Saphire Scout 9486,,22.93%,0.05%
Bubba / Afghani 1690,,18.08%,0.03%
Black Metal Sativa,,17.52%,0.07%
Welcome to Hell Kush,,18.88%,0.09%
The Ryken,,17.74%,0.04%
Reaper Sativa,,17.72%,0.03%
Remedy,,0.87%,14.92%
Valentine,,0.66%,14.89%
Sour Tsu,,3.69%,10.30%
HT-18,,4.01%,7.49%
HTSU,,0.43%,10.61%
CTSU,,0.50%,10.40%
Pine Tsu,,0.66%,14.16%
Medi Haze,,15.15%,0.06%
OD #11,,21.18%,0.07%
OD #10,,20.93%,0.19%
OD #9,,5.70%,12.57%
OD #8,,18.34%,0.08%
OD #7,,19.67%,0.07%
OD #6,,14.73%,0.03%
ID #5,,17.76%,0.04%
ID #4,,17.65%,0.09%
ID #3,,19.84%,0.04%
ID #2,,19.59%,0.04%
ID #1,,18.61%,0.04%
Harly-Canna,,15.04%,0.26%
AC/DC,,5.40%,9.65%
Old Toby,,16.45%,0.08%
Casey Jones,,9.91%,0.06%
Penelope's Cookie Solution 1,,9.22%,8.97%
Penelope's Creme Brulee 3,,7.88%,8.81%
Penelope's Cookie Shawk,,5.75%,10.03%
MW,,2.31%,< 0.01%
Snow Monster Flower,,18.19%,0.08%
Sapphire Scout 5747,,24.34%,0.07%
Cheese 3507,,20.27%,0.07%
Bubba / Afghani 2 7106,,17.27%,0.07%
Blue Dream 6227,,20.97%,0.09%
Girl Scout Cookie 3887,,21.50%,0.08%
Stone Free,,15.25%,0.08%
Blue Dream,,12.72%,0.04%
Neptune,,17.94%,0.08%
Cherry Pie,,16.67%,0.05%
B,,22.34%,0.12%
A,,19.45%,0.15%
C7,,18.88%,0.08%
C5,,16.62%,0.06%
OTOW Gang Purp: Mic Flont #1,,16.53%,< 0.01%
X7,,17.70%,0.07%
X6,,21.24%,0.06%
X5,,21.46%,0.06%
X4,,23.14%,0.10%
X3,,18.62%,0.08%
X2,,18.62%,0.10%
X1,,23.68%,0.08%
OG 78,,5.79%,11.92%
Grape Royal,,21.65%,0.09%
C,,19.73%,0.12%
B,,20.87%,0.09%
A,,10.81%,0.09%
ACDC,,0.74%,8.82%
R,,25.61%,0.13%
L,,15.76%,0.14%
Blueberry,,16.57%,0.07%
Headband,,21.83%,0.09%
White,,13.39%,0.05%
Black Cherry Soda,,23.53%,0.25%
Blue Dream 8579,,12.85%,< 0.01%
Ghost Train Haze,,17.58%,0.48%
Sugar Plum Veganic Medicine,,16.56%,1.94%
Purple Afghani Veganic Medicine,,20.94%,1.38%
Tarzia,,17.64%,< 0.01%
WiFi OG,,19.00%,0.09%
Charlotte’s Web,,20.96%,0.15%
Dutch Treat,,22.05%,0.21%
OG Kush,,17.05%,0.10%
Future 0916,,5.14%,< 0.01%
White Widow,,23.88%,0.26%
Gorilla Glue,,14.77%,0.16%
Gorilla Glue,,17.20%,< 0.01%
Gummi,,6.47%,8.97%
Full Circle,,19.35%,0.32%
PBBxSSS 3816,,10.01%,< 0.01%
LA Soda 6417,,13.66%,< 0.01%
Acapulco Gold 3868,,14.14%,< 0.01%
God's Gift 2497,,12.49%,< 0.01%
Blue Dream 0222,,18.82%,0.08%
LA Soda 8573,,16.34%,0.10%
Cinex 6221,,15.24%,0.20%
Diamond Widow 9942,,13.66%,< 0.01%
Grape Ape (Veganic Medicine),,18.44%,0.15%
Chernobyl (Veganic Medicine),,18.38%,0.08%
Mistress,,12.09%,0.03%
Sugar Plum,,9.32%,< 0.01%
Frankenstein,,19.88%,< 0.01%
Optimus Prime,,13.21%,< 0.01%
Purple Urkle,,4.17%,< 0.01%
Purple Nepalese,,18.26%,< 0.01%
Bay Dream unit 1,,12.02%,< 0.01%
Bay Dream unit 2,,7.64%,< 0.01%
Critical Skunk,,12.27%,< 0.01%
gw12a,,1.46%,18.62%
Bush League,,17.63%,< 0.01%
Bush League 02,,17.57%,< 0.01%
Old Sparky,,2.73 mg,< 0.01 mg
Burmese Indica,,16.28%,0.03%
Black Berry indoor,,16.44%,0.19%
Grape Ape,,14.29%,0.21%
Blue City Diesel,,11.56%,0.30%
Black Berry outdoor,,16.82%,0.42%
Honey B.,,16.01%,0.46%
White Max,,9.25%,0.27%
Purple Punch,,17.88%,0.04%
Kryptonite,,7.81%,0.05%
P.I.E.,,23.69%,< 0.01%
3B,,15.46%,0.25%
2B,,15.30%,0.13%
1B,,14.99%,0.16%
Tutankhamon,,16.71%,< 0.01%
PHD,,22.28%,0.01%
Lucy’s Lion,,0.60%,8.62%
GG3A,,22.05%,0.14%
Super Silver Haze,,19.50%,0.08%
3 Queens,,17.51%,0.04%
Burmese Indica,,21.15%,0.10%
Purple Kush,,N/A,N/A
BB2,,18.83%,< 0.01%
The Wills AKA Williams Wonder,,22.48%,0.04%
Critical Kush,,21.75%,0.46%
B,,22.55%,0.16%
A,,23.34%,0.16%
E,,22.91%,0.29%
D,,17.55%,0.13%
C,,21.69%,0.36%
Pineapple Express – MM,,22.04%,0.09%
Dutch 420,,20.74%,0.17%
Bk 420,,22.71%,0.16%
Blue 420,,19.21%,0.15%
Homegrown Indica,,7.59%,0.07%
Holy Grail Kush (HGK),,26.88%,0.23%
BHHB,,19.62%,0.12%
Grand Daddy Purp,,17.78%,0.16%
Blue Dream Bruce,,22.20%,0.25%
OG Skywalker Bruce,,23.72%,0.23%
Purple Afghani (Veganic Medicine),,24.32%,0.08%
Ghost,,25.79%,0.26%
Pan/GF,,19.46%,0.14%
BTHB,,20.31%,0.07%
Dutch Treat,,25.34%,0.13%
Girl Scout Cookie,,15.43%,0.05%
OG 0247,,18.59%,0.21%
OG 6946,,18.10%,0.17%
Raw Pulp CJ,,6.43%,0.03%
Dried Flower Cracker Jack,,20.51%,0.21%
GBSI,,5.15%,7.87%
Tangilope,,14.36%,0.03%
El Fuego,,17.73%,0.08%
Chocolope,,20.75%,0.06%
Animal Crackers #1,,21.79%,0.15%
CO Kush #4,,20.69%,0.15%
Animal Crackers #4,,21.68%,0.18%
Girl Scout Cookie x Gorilla Glue #4,,17.56%,0.09%
King’s Kush,,18.25%,0.15%
Mint Chocolate Chip,,16.99%,0.15%
Canna-Tsu,,5.34%,12.68%
AC/DC,,7.25%,14.36%
Triangle Kush,,18.66%,0.19%
AC/DC x Bubster #99,,21.29%,0.16%
Canna-Tsu x Bubster #23,,18.62%,0.22%
Batch 35 Spent Trim,,1.65%,< 0.01%
Big Buddah Cheese,,16.94%,0.17%
Bubbalicious,,13.37%,0.13%
Sour Tsunami,,0.81%,11.42%
Maui Killaz,,20.31%,0.23%
Heavy Duty Fruity,,19.65%,0.15%
Blue Magoo,,18.26%,0.21%
Sharloxx,,10.24%,7.55%
Obama Kush,,16.30%,0.10%
AC/DC,,17.09%,0.12%
Sugar Plum,,24.58%,0.20%
Glookie,,20.74%,0.10%
Gorilla Glue,,20.36%,0.14%
G.S. Cookie,,19.12%,0.12%
Czech CBD,,0.15%,3.39%
Black Jack,,19.74%,0.22%
Blue City Diesel (TH),,17.18%,0.16%
Gorilla Glue (FFF),,22.01%,0.14%
Sinmint Cookies,,30.59%,0.28%
Jack Herer,,18.14%,0.07%
Kosher Kush,,25.20%,0.10%
Platinum Kush,,16.57%,0.24%
Head Band,,26.44%,0.08%
Cinx,,19.17%,0.12%
Pineapple Kush (Verdantwaye),,15.06%,0.11%
GSC (Sticky Fingers),,22.73%,0.14%
Marz Cut OG Kush,,18.52%,0.11%
Lavender OG,,13.14%,0.12%
Alien Hand Grenade (GC Labs),,8.58%,0.07%
House and Garden Cherry Pie (Stickyfingers),,14.97%,0.10%
Fred’s Jamaican,,16.00%,0.15%
Grateful Puff #3,,20.60%,0.20%
Cin X,,14.45%,0.12%
Blue Blood,,18.13%,0.13%
Dog Walker (GC Lab),,21.22%,0.21%
Tangie Banana Surprise (GC Lab),,15.80%,0.11%
Bruce Banner #3 (GC Labs),,25.71%,0.25%
Green Crack (GC Labs),,17.38%,0.14%
GD1,,16.51%,0.13%
CP1,,19.67%,0.15%
KK1,,16.20%,0.12%
D1,,21.13%,0.20%
GS1,,16.29%,0.13%
PF1,,17.04%,0.14%
PG1,,20.66%,0.14%
Himalayan Golden Flo,,19.09%,0.15%
Lodi Dodi,,20.70%,0.27%
AC/DC,,6.01%,12.22%
HeadBand Heads,,23.24%,0.12%
HeadBand Lows,,23.85%,0.12%
HeadBand Mids,,24.69%,0.12%
Holy Grail Kush,,25.42%,0.21%
Purple Chemdawg #2,,23.94%,0.13%
Purple Chemdawg #1,,21.29%,0.12%
Sour Blueberry,,18.56%,0.15%
BK 420,,20.03%,0.16%
Ghost,,19.76%,0.23%
Burmese Kush,,16.20%,0.05%
Platinum Blackberry Kush,,19.74%,0.07%
Honey Boo Boo,,15.22%,0.11%
Cherry Pie (StickyFingers),,17.41%,0.12%
LA Cheese,,21.50%,0.22%
Organic GG #4,,23.53%,0.14%
Dutch Treat,,18.14%,0.19%
Cookies & Cream,,20.00%,0.19%
Fire Alien Kush,,15.72%,0.10%
UK Cheese,,12.94%,0.22%
Chunky Cherry Malwi #1,,18.38%,0.21%
Chunky Cherry Malwi #2,,13.25%,0.11%
Critical Cure,,7.63%,10.05%
Cheesy Headband,,18.08%,0.18%
White Alien,,15.05%,0.15%
Master Kush,,14.87%,0.15%
Pineapple Express,,21.36%,0.18%
Gorilla Glue #4,,24.41%,0.06%
Gorilla Glue #3,,0.94%,11.54%
Gorilla Glue #2,,9.13%,0.04%
DST,,10.23%,0.11%
Lucy’s Lion,,1.55%,9.88%
Pandora’s Box,,18.31%,0.07%
Tahoe OG,,13.16%,0.04%
Chem Dog,,18.49%,0.18%
T1,,23.50%,0.21%
Blue City Diesel,,9.32%,0.19%
B21 CBD,,0.21%,1.28%
B21 Spent Trim (CBD),,0.02%,0.16%
B22 Spent Trim (THC),,0.66%,0.01%
GG #4 (StickyFingers),,22.53%,0.13%
The Dude’s Glue,,21.01%,0.21%
Choctaw Orange Kush,,20.12%,0.17%
Stephen Hawkins,,1.08%,17.97%
Green Cush,,17.65%,0.13%
Xtreme OG,,19.99%,0.20%
Dutch Treat,,23.72%,0.25%
Gorilla Glue #4,,26.51%,0.17%
Cookies N Cream,,23.71%,0.22%
Marionberry Kush,,20.07%,0.17%
Ken Dawg,,23.43%,0.21%
Pre 98 Bubba Kush,,18.46%,0.12%
Bubblicious,,16.74%,0.15%
Black Jack,,16.25%,0.17%
Sour Banana Sherbert,,21.71%,0.26%
OG Kush,,21.16%,0.11%
Blue Dream,,22.49%,0.21%
Blue Rhino,,16.32%,0.16%
GC Lab 818 Headband,,25.34%,0.25%
GC Lab Maui Wowie,,23.00%,0.22%
GC Lab Obama Kush,,15.86%,0.08%
GC Lab Green Cheese,,23.24%,0.29%
GDP,,22.53%,0.17%
Dog Walker,,20.99%,0.23%
GC Lab Green Crack,,19.84%,0.17%
Sherbert,,17.80%,0.10%
Purple Drank,,13.51%,0.09%
AK-47,,16.78%,0.11%
Adro’s Garden Harlequin Backcross,,19.63%,0.15%
CK1,,26.87%,0.41%
Blue Haze,,20.26%,0.23%
Purple Master Kush (H),,20.42%,0.11%
Purple Master Kush (M),,19.61%,0.09%
Permafrost,,15.77%,0.15%
Blackberry Pie,,13.57%,0.11%
BBT x GSC,,15.78%,0.10%
Dutch Treat,,27.48%,0.26%
Mint Chocolate Chip,,23.46%,0.26%
Cookies n Cream,,25.70%,0.24%
Kimbo Kush,,19.41%,0.21%
Gorilla Glue #4,,22.57%,0.13%
Adak OG,,18.85%,0.20%
Gorilla Glue #4,,19.46%,0.11%
Milf,,19.95%,0.14%
Hawk Eye,,7.44%,6.50%
Star Fruit (Da Bakery),,21.67%,0.12%
Couch-berry,,14.57%,0.14%
Freezeland,,15.68%,0.17%
Hawaiian Storm,,17.97%,0.18%
Strawberry Delight (Rubicon),,21.25%,0.18%
Keylime Pie (Rubicon),,22.86%,0.18%
Dojo OG (Dojo Gardens),,19.89%,0.22%
Green Crack (Dojo Gardens),,18.46%,0.15%
Master Kush (Dojo Gardens),,14.78%,0.12%
Lavender (Dojo Gardens),,22.94%,0.16%
Charlotte’s Webb Flower,,8.80%,11.65%
Strawberry Diesel,,12.33%,0.12%
Gorilla Glue #4,,22.00%,0.14%
Whidbey Gold,,20.76%,0.13%
Harley Tsu-Can,,6.07%,4.46%
Ace of Spades,,16.85%,0.13%
Tahoe OG,,20.91%,0.25%
Gorilla Glue #4,,20.60%,0.10%
Black Betty – Ken,,14.99%,0.24%
Greatfull Puff #3,,19.01%,0.18%
El Fuego,,18.73%,0.11%
Tangilope,,15.66%,0.20%
Chocolope,,19.75%,0.11%
The White,,27.67%,0.23%
Blue Jack,,21.87%,0.18%
Durban Poison,,18.89%,0.23%
Cin-x,,16.04%,0.23%
Crippled Tiger,,28.20%,0.27%
Blackberry Kush,,24.37%,0.23%
Lavender,,20.55%,0.15%
Yeti OG,,21.19%,0.13%
Mark’s Weed Bud,,19.91%,0.17%
Mark’s Weed Loose,,21.41%,0.14%
Deep Green Flower 16-2,,0.69%,12.30%
Hawaiian,,19.80%,0.19%
Harle Tsu,,0.54%,9.79%
Middle Fork,,21.07%,0.12%
Papaya,,16.22%,0.13%
Sample A,,24.25%,0.15%
ATF,,21.02%,0.12%
9lb Hammer,,23.93%,0.35%
Adonis A,,17.22%,0.14%
Blackberry Pie,,18.49%,0.21%
Fire Alien Kush,,16.01%,0.09%
White Romulan A,,13.02%,0.14%
Purple Haze,,15.10%,0.10%
Kali Mist Sativa Harvest 10/15,,22.19%,0.28%
Citrali / Pakistani Indica Harvest 10/15,,13.81%,0.11%
CBD Skunk Haze Harvest 10/15,,14.45%,0.14%
The Sauce #6,,16.15%,0.14%
The Sauce #7,,18.10%,0.14%
Dutch Treat,,27.59%,0.26%
AC/DC,,1.07%,16.25%
Lemon Dutch,,24.25%,0.25%
Dairy Queen,,15.29%,0.16%
Gorilla Glue #4,,17.56%,0.09%
Camelot Kush,,16.55%,0.13%
Epoxy OG,,23.10%,0.21%
Kush Dream,,21.84%,0.17%
Intimidator OG,,N/A,N/A
Platinum Girl Scout Cookies,,16.26%,0.11%
Dutch Treat,,13.81%,0.25%
Girl Scout Cookies,,13.57%,0.25%
Maui Waui,,12.92%,0.33%
Maui Widow #1,,14.00%,0.16%
Maui Widow #1,,18.34%,0.03%
Girl Scout Cookie Platinum,,17.31%,0.12%
Jilly Bean,,20.63%,0.15%
William’s Wonder,,19.08%,0.27%
Permafrost,,19.66%,0.14%
Sugar Plum,,25.77%,0.21%
Super Silver Haze,,21.00%,0.09%
Cannatonic,,6.18%,4.88%
The White,,22.18%,0.17%
ACDC,,1.08%,14.31%
Orange Skunk,,19.48%,0.12%
D.A. Boggle Gum,,15.38%,0.16%
Dr. Who,,18.11%,0.19%
Frankenberry,,16.45%,0.13%
Purple Jolly Rancher,,17.28%,0.21%
Frankenstein S1,,24.82%,0.24%
Cookies N Cream,,27.23%,0.24%
Canna-Tsu #19 Male,,0.53%,1.26%
Canna-Tsu #16 Male,,1.60%,< 0.01%
Harle-Tsu #7Male,,0.14%,2.42%
Harle-Tsu #4 Male,,0.12%,0.96%
Harle-Tsu #2 Male,,0.07%,0.82%
ACDC x Bubster #47 Male,,0.95%,0.96%
ACDC x Bubster #14 Male,,0.87%,< 0.01%
Foo Dog #12 Male,,1.31%,< 0.01%
Foo Dog #3 Male,,1.52%,< 0.01%
Swiss Gold #26 Male,,0.80%,1.07%
Swiss Gold #18 Male,,2.63%,< 0.01%
Swiss Gold #6 Male,,1.29%,< 0.01%
Miami Blues #24,,3.29%,0.02%
Under Foo #35 Male,,2.51%,< 0.01%
Under Foo #27 Male,,2.65%,0.01%
Under Foo #11 Male,,2.40%,< 0.01%
Foo Dog #11 Male,,2.48%,< 0.01%
Under Foo #8 Male,,2.06%,< 0.01%
Blue Dog #31 Male,,0.73%,0.74%
Blue Dog #19 Male,,2.20%,0.01%
Gorilla Glue #4,,24.08%,0.24%
Charlotte’s Web,,2.39%,3.75%
Dutch Treat,,23.78%,0.21%
Blue Chernobyl,,13.15%,0.17%
Jack Herer,,18.00%,0.17%
GC Labs Gorilla Glue #4,,24.01%,0.13%
GC Labs Chem Dawg,,20.20%,0.17%
GC Labs Blue Magoo,,21.41%,0.22%
GC Labs White Fire OG,,23.93%,0.22%
GC Labs Green Crack,,20.53%,0.16%
Master Kush,,13.33%,0.09%
Matanuska Thunder Fuck,,14.88%,0.13%
Tango (Double B Farms),,19.74%,0.21%
Sour Diesel,,20.89%,0.26%
Cookies,,21.74%,0.13%
Hawaiian Dutch,,24.98%,0.12%
Uncle Jim,,N/A,N/A
Tammy Faye,,23.45%,0.32%
OGKB,,21.67%,0.12%
WiFi,,26.14%,0.38%
Frank,,22.36%,0.19%
Cotton Candy,,17.73%,0.16%
Adros Garden SKy Walker,,19.13%,0.15%
MT. P.X.,,15.69%,0.14%
Abby & Brian’s Grape God,,24.03%,0.11%
Koffee Flower,,23.32%,0.25%
Pineapple Kush,,18.99%,0.13%
Blueberry Pie,,20.34%,0.12%
Grandaddy Purple,,15.77%,< 0.01%
Taffie,,19.58%,0.03%
Space Bomb,,N/A,N/A
Banana OG,,23.05%,0.21%
GG #4,,20.16%,0.26%
Sour Kosher,,19.63%,0.22%
Rasbacca,,19.78%,0.25%
Frankyodd S1,,19.98%,0.20%
Lemon OG,,20.89%,0.51%
Ghost Train Haze,,21.52%,0.20%
Gold Leaf,,17.55%,0.21%
Dutch Treat,,27.91%,0.23%
Strawberry Blue 0354,,12.42%,0.11%
Critical Sensei Star 0350,,23.23%,0.22%
Chemmy Jones 0334,,21.89%,0.30%
EGB Sour Diesel 1570,,16.82%,0.16%
Affgoo 0337,,21.39%,0.18%
Affgoo 0334,,17.95%,0.14%
OG Dreams #3,,18.86%,0.16%
Jack’s Dream 1954,,18.90%,0.21%
Ape’s Dream 1904,,21.89%,0.19%
VR #1,,23.50%,0.22%
Blueberry Cookies 7B03-A08-1,,15.80%,0.16%
MTF 2A02-15-S,,25.33%,0.27%
Dr. Who 7A02-A16-1,,21.36%,0.18%
Durban Poison A03-A14-S,,22.26%,0.25%
Blue City Diesel,,13.83%,0.09%
Blood Wreck,,18.81%,0.11%
Cookies n Cream UV,,26.72%,0.21%
Fruity Pebbles,,24.75%,0.29%
Black Spirit,,21.76%,0.13%
Dutch Burre,,17.03%,0.14%
Sweet Pebbles,,15.81%,0.11%
Cream Crack,,21.64%,0.25%
Crazy Glue (GG #4),,25.16%,0.14%
Black Cherry Soda,,24.69%,0.21%
Purple Durban,,18.05%,0.11%
Presidential Kush,,17.69%,0.10%
Gorilla Glue,,,
X2,,20.56%,0.10%
X1,,21.81%,0.15%
X4,,19.53%,0.18%
X3,,9.28%,11.43%
South Sound Gardens,,21.48%,0.21%
UK Cheese,,17.61%,0.12%
Aurora,,19.52%,0.38%
Chocolate,,18.21%,0.26%
Hawaiian Big Bud,,21.71%,0.14%
Tangerine Power,,19.17%,0.15%
5H,,2.07%,< 0.01%
PK,,1.69%,< 0.01%
The White #4 600,,27.52%,0.21%
Cookies n Cream,,26.15%,0.24%
Starfighter,,18.90%,0.17%
Fruity Pebbles,,25.11%,0.33%
The White #2,,29.67%,0.25%
Lemon OG,,24.69%,0.20%
NYPD,,13.23%,0.16%
Animal Cookies,,18.96%,0.11%
Purple Mango Flower,,23.87%,0.15%
Intimidator OG,,18.63%,0.17%
Plushberry,,N/A,N/A
P.I.E (LEC),,24.62%,0.23%
Bay Dream (The Green Terrapin),,24.36%,0.20%
Kush #1,,18.69%,0.03%
Kush #4,,17.35%,< 0.01%
Platinum Girl Scout Cookies,,26.76%,0.16%
Dark Cherry Soda,,27.76%,0.28%
Green Crack,,24.73%,0.25%
Cactus (Dutch Treat x NL #5),,23.41%,0.21%
Dutch Treat,,23.74%,0.21%
DJ Short’s Blueberry,,23.41%,0.15%
Blue Orca,,19.09%,0.25%
Cin Scouts,,17.63%,0.14%
Harlequin,,4.67%,6.64%
Holly Daze,,19.32%,0.10%
Mango Haze,,16.55%,0.18%
Blue Treat,,19.23%,0.27%
Organic White Widow,,23.93%,0.28%
Face/Off Cookies,,16.27%,0.16%
Bubblicious “C”,,17.49%,0.16%
Big Buddha Cheese,,21.08%,0.22%
Dog Treat,,25.86%,0.13%
OGKB,,25.02%,0.16%
Black Cherry Soda,,25.73%,0.25%
Northern Lights #5,,21.03%,0.18%
Charlotte’s Web,,0.84%,13.00%
Forum Cut Girl Scout Cookies,,21.84%,0.11%
#93,,13.44%,0.06%
Gorilla Glue #4,,21.85%,0.30%
Cotton Candy,,14.01%,0.29%
XJ-13,,21.01%,0.22%
619,,23.97%,0.19%
Durban,,19.76%,0.15%
Cheese,,17.11%,0.15%
Blackberry Trainwreck 7A03-A08-1,,16.74%,0.11%
MTF 7A03-A08-1,,22.26%,0.24%
Purple Kush 7A03-A08-1,,22.18%,0.15%
Screaming Loud,,20.77%,0.21%
Gasoline Alley,,23.00%,0.25%
Willie’s Wonder,,22.61%,0.19%
Banana Kush,,N/A,N/A
SP01,,20.82%,0.23%
Lemony,,17.34%,0.17%
Pepe La Pue,,13.43%,0.10%
Purple Sunshine,,17.59%,0.16%
Pink Bam Bam,,14.82%,0.11%
Purple Velvet,,18.73%,0.18%
Funky Town,,11.69%,0.10%
Snow Leopard,,20.38%,0.19%
Glazed Cherry,,10.80%,0.07%
Fuego (R+J Farms),,21.39%,0.20%
CBD Crew Yummy #2 (R+J Farms),,0.96%,13.73%
Gorilla Glue R+J Farms),,8.75%,10.63%
Mt. Rainier (R+J Farms),,24.11%,0.25%
Sour Diesel (R+J Farms),,22.40%,0.26%
OG Raskal,,6.25%,9.35%
Blue Sugar Cookies,,13.91%,0.09%
BBTW,,16.98%,0.25%
Pink Lemonade,,19.59%,0.14%
Purple Chemdawg,,22.45%,0.15%
Foreign Genetics,,11.30%,0.11%
Purple Elephant,,8.51%,0.05%
Mango Haze 2nd Test,,18.92%,0.16%
Dwarf Frankenstein,,15.63%,0.12%
Space Queen,,17.92%,0.13%
Cranberry Delight,,1.07%,13.53%
Diablo OG Kush B,,18.49%,0.18%
Blue Heisenberg,,17.31%,0.20%
Lemon OG,,22.05%,0.17%
Blackberry Kush,,23.27%,0.20%
G1,,17.38%,0.05%
Chocolate Thai,,15.49%,0.13%
Durban Poison,,17.30%,0.14%
Gorilla Glue #4,,20.26%,0.10%
Cookies N Cream,,23.81%,0.22%
Thin Mint GSC,,21.57%,0.10%
GC Labs Platinum GSC,,19.37%,0.11%
GC Labs Cherry Pie,,19.89%,0.14%
GC Labs Green Crack,,19.77%,0.16%
GC Labs Tangerine Banana Suprise,,16.27%,0.11%
GC Labs Bruce Banner #3,,25.52%,0.23%
Critical Plus,,18.96%,0.23%
God Bud,,13.22%,0.17%
39 HTSU 15F,,0.48%,11.47%
34 CTSU 15F,,0.41%,10.18%
38 HTSU 15F,,0.46%,10.37%
God Bud,,18.09%,0.07%
BlueBerry Sour Diesel (BBSD),,15.06%,0.08%
Sapphire Star,,21.90%,0.09%
Dragon Wreck,,17.26%,0.13%
Pineapple Kush,,17.76%,0.10%
Pineapple,,24.26%,0.24%
Purple Kush,,N/A,N/A
Green Crack,,N/A,N/A
AC/DC,,0.74%,11.11%
Alien Kush,,13.29%,0.05%
Pink Haze (Dojo Gardens),,23.52%,0.23%
Green Crack (Dojo Gardens),,24.14%,0.21%
Sweet Black Angel (R+J Farms),,19.62%,0.15%
Girl Scout Cookies,,23.88%,0.21%
SFV OG Kush,,13.35%,0.10%
Great White Shark,,13.89%,0.13%
Papaya,,18.39%,0.17%
Remedy,,0.90%,12.16%
Moon Walker,,27.41%,0.14%
Cinex,,14.10%,0.11%
F@cking Incredible,,27.75%,0.22%
Ghost Train Haze,,13.67%,0.13%
Northern Lights,,19.41%,0.14%
JBM,,17.29%,0.09%
CC,,15.40%,0.19%
CRM,,17.59%,0.09%
#9,,10.26%,0.06%
PE,,16.46%,0.09%
Agent Orange,,19.44%,0.17%
Chemdawging,,21.34%,0.22%
Industrial Hemp (Germany),,0.09%,2.50%
OG Kush,,13.34%,0.08%
Sour Blueberry,,14.27%,0.10%
Strawberry Diesel,,17.11%,0.08%
Space Candy,,18.84%,0.13%
Mendo Breath,,21.06%,0.12%
ACDC,,0.10%,1.28%
Charlotte’s Web,,0.48%,0.91%
Harlequin,,1.71%,< 0.01%
Cannatonic,,1.41%,< 0.01%
Harlequin,,20.85%,0.19%
Cannatonic,,19.86%,0.18%
Charlotte’s Web,,3.60%,5.62%
Chernobyl,,15.61%,0.14%
Ogre Kush,,18.73%,0.17%
Lavender,,16.68%,0.07%
Test 1,,6.36%,< 0.01%
Test 3,,14.63%,0.10%
Test 2,,18.69%,0.16%
Test 6,,22.21%,0.20%
Test 5,,17.35%,0.15%
Test 4,,17.09%,0.16%
Test 8,,19.03%,0.15%
Test 7,,6.66%,0.03%
Blue Dream 316,,23.29%,0.28%
Blue Dream,,23.49%,0.27%
Purple OG Kush,,22.68%,0.22%
Thin Mint,,20.79%,0.12%
Glue #4,,17.86%,0.09%
Cookies & Cream,,24.92%,0.24%
Lady Boy,,20.60%,0.21%
Albert Walker,,23.39%,0.31%
Full Moon,,16.72%,0.37%
White Rhino,,17.14%,0.13%
Blueberry,,18.51%,0.17%
Blackberry,,11.96%,0.11%
Tangerine Dream,,15.77%,0.11%
Platinum,,15.19%,0.13%
Gump B,,21.12%,0.18%
Gump A,,20.05%,0.15%
Green Crack,,21.09%,0.14%
Red Thai GWK 420 SPK,,13.98%,0.11%
Durban Poison (Olympia Mike),,25.18%,0.27%
ACDC (Olympia Mike),,0.45%,10.41%
Kryptonite (Olympia Mike),,19.51%,0.18%
Sour Diesel (Olympia Mike),,23.16%,0.28%
Gorilla Glue #4 (Olympia Mike),,23.19%,0.15%
Sour Double Kush (Olympia Mike),,26.70%,0.23%
Olympia Mike Cookies,,22.62%,0.14%
Blue Magoo (Olympia Mike),,20.93%,0.22%
Grand Daddy Purple (Olympia Mike),,25.97%,0.28%
Amnesia Haze (R+J Farms),,26.19%,0.27%
Tangerine Dream (R+J Farms),,21.33%,0.22%
Super Lemon Haze (Olympia Mike),,19.54%,0.14%
DJ Short’s Blueberry,,N/A,N/A
Chocolope,,N/A,N/A
White Russian,,N/A,N/A
Blue Afghani,,N/A,N/A
OG Kush,,N/A,N/A
Purple Sour Diesel,,N/A,N/A
Sour Diesel,,N/A,N/A
Cinex,,N/A,N/A
Chernobyl,,N/A,N/A
Lamb’s Bread Mango,,N/A,N/A
Granddaddy Purple,,N/A,N/A
Dutch Treat,,24.95%,0.23%
White Russian,,19.77%,0.19%
Afgoo,,16.65%,0.22%
Cali Kush,,26.17%,0.22%
Bubbalicious,,10.36%,0.10%
Querkle,,18.89%,0.16%
Permafrost,,18.98%,0.16%
Great White Shark,,16.06%,0.04%
Jack Herer,,17.91%,0.22%
Chocolope,,15.38%,0.12%
BB,,20.58%,0.16%
OGP,,18.29%,0.20%
DT,,24.46%,0.21%
Trinity,,17.33%,0.12%
Hogg,,21.95%,0.23%
JH,,19.04%,0.24%
Bay Dream,,21.03%,0.22%
CK,,17.82%,0.16%
CD/AS,,13.20%,4.65%
Florida Lemons,,23.37%,0.26%
GG #4,,22.94%,0.04%
Triple Cheese,,11.05%,< 0.01%
Blue City Diesel,,13.02%,0.25%
9lb Hammer,,30.61%,0.30%
Bruce Banner,,20.72%,0.17%
Tahoe OG,,22.04%,0.25%
Hell Raiser,,25.83%,0.23%
DT-13-WC,,23.89%,0.23%
Tajar,,17.30%,0.11%
Conquest,,12.77%,0.14%
Dutch Treat,,24.45%,0.24%
Super Silver Haze,,26.76%,0.15%
Snow Leopard,,24.25%,0.13%
Gorilla Glue,,19.12%,0.19%
Deep Purple,,14.90%,0.11%
Cinex,,19.42%,0.16%
Cheese,,17.45%,0.17%
GSC,,21.32%,0.13%
Gorilla Glue #4,,21.82%,0.12%
White Fire OG,,22.34%,0.24%
UK Cheese,,25.98%,0.24%
AK-47,,16.80%,0.24%
CBDgod5,,13.50%,0.24%
CK,,N/A,N/A
HAR,,N/A,N/A
RB,,N/A,N/A
PSD,,N/A,N/A
BBK,,N/A,N/A
PK,,N/A,N/A
24K,,23.92%,0.21%
Blue Rhino,,20.36%,0.17%
Dutch Treat,,24.88%,0.24%
Marionberry Kush,,20.81%,0.23%
Ewok,,21.18%,0.16%
Grape OG,,24.06%,0.18%
Pine Drops,,19.34%,0.18%
Purple Kush,,20.86%,0.13%
HD 3WM,,25.50%,0.25%
Charolotte’s Web,,0.36%,12.38%
Bubba Kush,,21.80%,0.14%
CD 11-5 PWD,,2.75%,7.10%
Jack Herer (BP1),,18.78%,0.23%
Nobyl Charlotte #3 (His and Her Grow),,19.61%,0.11%
Garden L-2,,0.79%,14.05%
Garden M-4,,0.74%,13.95%
Last Run New Tank 1st,,13.25%,< 0.01%
Spoon Out Of Big Bag,,11.71%,0.15%
Purple Elephant,,16.61%,< 0.01%
Mendocino,,15.55%,< 0.01%
Britt 0710,,N/A,N/A
Underdog OG #4,,17.74%,0.16%
Underdog OG B,,16.47%,0.15%
Cinderella 99 #3,,14.82%,< 0.01%
Krystalia,,15.21%,0.08%
Kimbo (DB),,25.58%,0.20%
Super Lemon Haze (DB),,14.95%,0.09%
Snow Leopard,,16.50%,0.16%
Gorilla Glue #4,,17.44%,0.09%
Race Fuel,,21.49%,0.19%
Locktite,,22.27%,0.15%
Green Day GWK/420SPK,,14.33%,0.08%
Moon Walker,,18.50%,0.14%
Master Kush,,21.03%,0.12%
Mash (Blend),,12.74%,0.09%
Blueberry Kush,,24.73%,0.20%
710 Cheese,,21.66%,0.19%
G2,,24.78%,< 0.01%
Blue Dream 7B02-A02-1,,22.95%,0.23%
Chocolate Kush 7B02-A02-2,,18.56%,0.15%
Raspberry Kush 7A02-A09-1,,18.56%,0.15%
Pre-98 Bubba Kush,,20.89%,0.31%
Blackberry,,16.43%,0.13%
Lavender,,15.67%,0.06%
White Fire OG,,14.89%,0.13%
White Russian,,20.56%,0.21%
Cookies + Cream,,21.54%,0.11%
Cinex,,13.67%,0.11%
Trim,,14.28%,0.15%
1st Run 4 Hour,,2.40%,0.22%
6H THC 3 Run,,21.42%,0.25%
VAL 15E,,0.68%,13.29%
HT 1815,,3.90%,8.86%
PT 15E,,0.68%,14.52%
MT.O.G.,,22.75%,0.22%
MT.BH,,17.55%,0.14%
Hawaiian Dutch,,19.10%,0.22%
Double Purple Doja,,13.40%,0.06%
Kimbo Kush,,18.67%,0.19%
Mint Chocolate Chip,,20.09%,0.22%
Gorilla Glue #4,,20.56%,0.12%
Gorilla Glue,,26.32%,0.13%
Bush Heaque,,24.98%,0.24%
Golden Goat,,22.28%,0.17%
Jack Skellington,,15.14%,0.09%
MTGSC,,17.64%,0.07%
Maui Wowi,,21.35%,0.21%
Green Cheese,,20.09%,0.23%
Green Crack,,21.23%,0.18%
Dutch Treat,,19.06%,0.12%
Obama Kush,,16.48%,0.08%
Northern Lights #5 x Super Silver Haze,,14.39%,0.13%
Tsunami VII,,5.47%,12.03%
LA Confidential x UK Cheese,,12.59%,0.10%
LA Confidential x Grape Ape,,17.67%,0.21%
Banana Kush,,19.02%,0.14%
Vietnamese Black,,14.59%,0.15%
Blue Dream,,20.09%,0.24%
ACDC,,0.84%,14.61%
Durango OG,,14.06%,0.07%
FB #4,,20.57%,0.17%
FB #3,,9.67%,9.80%
Nellie Rx,,22.49%,0.18%
Purple Piss,,19.22%,0.23%
Garden A 1170-E,,0.92%,16.60%
GDP,,15.57%,0.16%
Dark Side of the Moon,,20.76%,0.17%
Black Cherry Soda,,26.78%,0.24%
Purple Kush,,17.28%,0.19%
MK Ultra 2.16,,19.85%,0.28%
1996 Canatonic Resin Seeds,,0.86%,9.12%
Platinum Banana OG,,18.53%,0.25%
Cheese,,22.35%,0.34%
BH,,16.95%,0.22%
BD,,18.81%,0.15%
AGK,,19.16%,0.17%
Exp,,14.64%,0.16%
Allen Wrench,,18.79%,0.14%
Hawaiian Dutch,,20.74%,0.23%
DJ Short Blueberry,,20.23%,0.14%
GSC CBD #1,,6.54%,10.73%
Cone,,12.02%,1.15%
GSC (Tacoma Grow),,18.47%,0.12%
European Sour Diesel,,20.33%,0.19%
Dragon Lady,,22.81%,0.35%
Hellsfire,,29.30%,0.27%
Jamaican Dream,,18.41%,0.11%
Clementine,,27.40%,0.24%
Citrus Sap,,22.03%,0.12%
Blue Dream,,20.89%,0.22%
Cotton Candy Kush,,15.52%,0.13%
9 Pound Hammer,,18.73%,0.17%
Shiva Skunk,,19.69%,0.17%
Charlotte’s Web,,6.38%,10.52%
Harlequin,,21.87%,0.24%
Suga Cane,,N/A,N/A
Cascadia Kush,,N/A,N/A
Blue Dream,,N/A,N/A
Harlequin BX H1,,0.61%,13.45%
Pineapple Kush,,22.22%,0.21%
Cherry Kush,,16.81%,0.19%
Dutch Treat,,21.22%,< 0.01%
White Bronco,,16.34%,0.19%
Ogre,,8.35%,0.05%
Strawberry Banana Kush,,17.38%,0.14%
Purple Nepal,,17.02%,0.13%
Master Kush,,22.88%,0.16%
9 Pound Hammer,,17.49%,0.16%
509 Glue,,24.52%,0.29%
BBK: Blackberry Kush,,N/A,N/A
PSD: Purple Sour Diesel,,N/A,N/A
Sweet Black Angel,,14.64%,0.21%
Love Triangle,,26.68%,0.32%
Orange Kush,,21.18%,0.22%
Gorilla Glue,,19.10%,0.08%
Cookies,,17.11%,0.09%
Purple Max,,17.94%,0.15%
Durban Poison 7B01-A26-1,,22.28%,0.19%
MK Ultra 7A01-A26-1,,20.77%,0.16%
Purple Kush 7B02-A02-1,,19.02%,0.12%
Ace of Spades,,17.51%,0.16%
Dutch Barre,,21.42%,0.21%
Lavender,,19.16%,0.11%
Strain A (Cookies),,16.00%,0.19%
Purple Durban,,21.79%,0.11%
Blue Dream,,18.90%,0.38%
Remedy,,1.02%,15.07%
UW Purps,,17.71%,< 0.01%
Gorilla Glue #4,,18.28%,0.20%
Kandy,,13.45%,0.15%
Harlequin,,16.37%,0.04%
Blue Cheese,,12.67%,0.07%
Cotton Candy,,14.97%,0.15%
Cherry Pie,,N/A,N/A
Gorilla Glue,,N/A,N/A
Big Dirty,,N/A,N/A
Blackberry,,19.59%,0.17%
3x Crag (Ridgeway CG),,17.67%,0.11%
Plushberry,,18.08%,0.16%
GSC (Ridgeway (G),,18.22%,0.13%
Green Crack (Ridgeway (G),,19.56%,0.15%
J1 (Ridgeway (G),,21.95%,0.26%
REM (Ridgeway (G),,18.59%,0.29%
Abusive OG,,13.70%,0.04%
AC/DC,,4.84%,8.98%
Cookies,,21.97%,0.14%
7th Heaven,,18.41%,0.12%
Terpena Nirvana,,16.28%,0.09%
Mars,,18.17%,0.03%
Purple Kush X,,20.31%,0.06%
HPS,,20.34%,0.19%
PZK,,22.43%,0.28%
BA,,20.16%,0.13%
DC,,19.60%,0.25%
DF AN,,18.92%,0.18%
DF HG,,21.22%,0.18%
AM,,23.10%,0.25%
CG,,14.23%,0.21%
AC/DC Danny,,0.92%,13.45%
Gorilla Glue #4 R,,21.18%,0.03%
Crazy Miss Hyde TC,,14.56%,< 0.01%
Gorilla Glue #4 Rasbaca,,24.41%,0.24%
Super Chunk TC,,13.77%,0.24%
Purple Sour Diesel TC,,19.38%,0.19%
Power Plant TC,,21.52%,0.01%
Jilly Bean,,27.20%,0.25%
Bay Dream,,22.63%,0.26%
Agent Orange,,23.60%,0.15%
Cinex,,21.84%,0.22%
Trainwreck,,14.16%,0.22%
9lb Hammer,,22.00%,0.46%
Flubber,,18.07%,0.09%
Shaman’s Rx,,21.98%,0.28%
Silver Blue Star,,19.08%,0.18%
Silver Star,,11.57%,0.11%
Tangerine,,17.25%,0.19%
Rocket Man,,22.00%,0.21%
Red Star,,16.80%,0.19%
PR-1501,,0.63%,11.52%
Jeral Dean,,21.38%,0.13%
Lemon Skunk,,22.24%,0.14%
PHB,,4.05%,4.59%
Space Bomb,,14.89%,0.11%
Chewy (Chronically on Time),,19.19%,0.24%
GWP-4601,,0.91%,16.52%
Bubba Kush,,N/A,N/A
Blue Cinex,,N/A,N/A
Gorilla Glue,,N/A,N/A
Blue City Diesel,,N/A,N/A
Sweet Pink Grapefruit,,N/A,N/A
Agent Orange,,N/A,N/A
MiaGrow Jesus OG Kush,,18.27%,0.21%
MiaGrow The Flav,,21.68%,0.26%
Botanicare The Flav,,21.71%,0.32%
Advance Nutrients Jesus OG Kush,,20.77%,0.47%
Advance Nutrients The Flav,,24.54%,0.23%
Botanicare Jesus OG Kush,,22.62%,0.29%
Grape Ape,,N/A,N/A
Super Skunk,,N/A,N/A
Lemon Pledge,,N/A,N/A
True OG (GGG),,24.97%,0.26%
Benzo Farms Marionberry,,19.49%,0.15%
PIT 7B 01-A12-1,,19.51%,0.15%
Gra Fu 7A01-A12-1,,18.73%,0.14%
GSC 7B12-A29-1,,16.68%,0.14%
CBD Hybrid Sample,,19.09%,0.16%
Blue Dream,,,
Lemon,,,
OC,,,
Critical Jack,,23.71%,0.05%
MiaGrow Sunshine #4 Purple Diesel,,15.77%,0.21%
MiaGrow ProMix Purple Diesel,,15.84%,0.17%
MiaGrow ProMix Platinum GSC,,18.88%,0.22%
Advance Nutrients ProMix Purple Diesel,,15.38%,0.06%
Advance Nutrients ProMix Platinum GSC,,19.99%,0.18%
Botanicare ProMix Purple Diesel,,15.38%,0.16%
Botanicare ProMix Platinum GSC,,17.85%,0.16%
Advance Nutrients Sunshine #4 Purple Diesel,,16.77%,0.20%
Juicy Fruit,,18.62%,0.07%
Blue Dream,,18.44%,0.17%
Hellsfire #9,,31.00%,0.27%
Headband,,N/A,N/A
Dutch Treat,,22.61%,0.22%
Puget Sour #6,,20.29%,0.29%
MBS Kush #13,,20.03%,0.21%
Puget Sour #7,,13.47%,0.15%
Sugar Black Rose,,17.38%,0.12%
Black 84,,23.93%,0.20%
Merlot,,21.77%,0.22%
Sapphire Scout (Best Buds),,27.66%,0.17%
Sour Pez,,17.13%,0.21%
Snow Monster,,20.74%,0.15%
Hindu Kush,,18.14%,0.16%
Clementine,,24.18%,0.29%
Hellsfire #10,,26.77%,0.27%
Shiva Skunk,,18.16%,0.22%
Cherry Pie,,20.71%,0.19%
Auorey 2 (The Wizard’s Garden),,7.09%,11.97%
Cenarius (The Wizard’s Garden),,5.23%,9.92%
Incognito (The Wizard’s Garden),,0.86%,16.76%
The Remedy (The Wizard’s Garden),,0.75%,13.99%
Franken Berry,,16.35%,0.14%
Raskals OG Kush,,24.04%,0.24%
East Coast Sour Diesel,,24.68%,0.20%
UOG x PSA,,20.12%,0.13%
Dutch Treat (S),,26.42%,0.26%
Dutch Treat (M),,24.11%,0.24%
GG#4,,21.32%,0.13%
Allen Wrench,,20.35%,0.15%
Cotton Candy,,19.86%,0.18%
OG Frost,,21.78%,0.20%
Hwy 101,,19.31%,0.20%
Hari-Tsu,,4.09%,9.14%
Godberry,,16.18%,0.34%
Girl Scout Cookies,,17.16%,0.41%
Evergreen Tsunami,,0.88%,17.27%
Black Diesel,,17.10%,0.17%
Strawberry Cough XXX,,15.44%,0.21%
Mango,,17.49%,0.52%
Purple Coles,,19.38%,0.19%
Pineapple Chunk,,13.73%,0.17%
C.C. x B11 #2,,25.89%,0.28%
G.G.,,22.59%,0.12%
C.C. x B11 #5,,17.76%,0.17%
C.C. x B11 #3,,17.31%,0.19%
G.D.P. x B11 #4,,19.56%,0.16%
C.G. x B11 #1,,18.41%,0.11%
P.C. x B11 #4,,15.89%,0.10%
C.G. x B11 #8,,27.63%,0.26%
H.W.,,20.43%,0.22%
P.C. x B11 #1,,15.90%,0.33%
D.B. #1,,19.96%,0.18%
G.D.P. x B11 #2,,24.35%,0.18%
D.U.,,25.03%,0.17%
H.W. x B11 #4,,20.70%,0.21%
C.G. x B11 #3,,20.38%,0.13%
G.D.P. x B11 #6,,25.04%,0.18%
H.W. x B11 #3,,23.97%,0.23%
C.C. x B11 #1,,22.35%,0.28%
Sinmint Cookies,,28.32%,0.28%
Flower #1,,1.21%,< 0.01%
Cornbread,,18.92%,0.10%
Bubba,,23.11%,0.15%
Chem Dawg #4,,21.06%,0.17%
Qrazy Train,,26.65%,0.22%
SKE-Shit killed Elvis,,19.37%,0.19%
Jack the Ripper,,19.32%,0.17%
Boggle Gum,,15.91%,0.16%
LA Kush,,14.57%,0.11%
Strawberry Cough,,10.47%,0.11%
Blue Master,,21.01%,0.20%
Silvertip,,22.58%,< 0.01%
Tahoe OG,,19.26%,< 0.01%
Hawaiian,,17.45%,0.14%
Orange Blossom,,17.17%,< 0.01%
G Force,,14.77%,0.20%
G Force,,16.19%,0.06%
Da White,,16.65%,0.03%
Outlaw OG,,17.34%,0.08%
Outlaw OG,,14.03%,0.05%
9LB,,23.74%,0.23%
SD,,20.39%,0.18%
Stephen Hawking Kush,,0.89%,13.65%
Penelope’s Petrol Sidecar,,15.14%,3.42%
Penelope’s Anastasia,,8.64%,6.17%
Blue Dream,,21.28%,0.23%
Jack’s Cleaner,,15.96%,0.18%
Blue Haze,,20.82%,0.22%
Chemdawg,,22.54%,0.20%
NYPD,,21.89%,0.17%
Magnum P.I.,,14.70%,0.24%
Grape Romulan,,12.85%,0.09%
Blue Dream (CJ),,22.29%,0.16%
Cotton Candy,,16.87%,0.07%
Obama,,17.03%,0.05%
Girl Scout Cookie (CJ),,20.00%,0.23%
Blueberry Diesel – LED,,12.70%,0.16%
Jack Herer,,19.76%,0.29%
Harlequin,,6.81%,12.40%
Queen of Diamonds,,20.46%,0.25%
Pink Pineapple,,15.01%,0.19%
Sensi Star,,20.19%,0.24%
Grape Puff (General Mills),,13.98%,0.16%
Shiatsu 2,,5.28%,8.52%
Churrias Kush (Mr. Nice Guy),,17.25%,0.17%
WL7A01-A12-3,,15.14%,0.12%
CBD-7BQ1-A05-1,,0.82%,11.81%
MTF7A01-A12-4,,21.71%,0.25%
Wild Mint,,26.54%,0.29%
Northern Lights,,23.95%,0.17%
Cranberry Delight,,0.92%,13.79%
Hemp (Natural Daze),,4.88%,0.06%
Sour Tsunami (Natural Daze),,0.60%,8.25%
Jackpot,,18.41%,0.15%
Platinum Girl Scout Cookie,,23.23%,0.12%
White Star,,25.23%,0.22%
Super Lemon Haze,,19.08%,0.29%
Headband,,19.44%,0.16%
Stink Bomb Rx (Green Solutions),,27.34%,0.27%
Gorilla Glue #4,,19.62%,0.11%
PGSC (Sonic Farms),,13.11%,0.03%
DT-13,,19.89%,0.20%
Nurse Jackie,,23.41%,0.13%
Indoganics,,28.55%,0.22%
Optimus Prime (Green Hand),,13.81%,0.11%
Bubba Scout,,19.36%,0.04%
Bay Dream,,22.81%,0.21%
Secret Recipe,,21.18%,0.17%
Dirty Girl,,20.13%,0.17%
White Fire Alien OG,,20.35%,0.19%
Green Marvel,,15.82%,0.17%
White Tea Biscuits,,21.94%,0.20%
Chocolate Thai,,22.06%,0.23%
Galactic Jack,,21.38%,0.12%
Jack Herer,,18.06%,0.20%
Blue Dream,,21.51%,0.24%
Cookies & Cream,,21.14%,0.09%
B,,17.25%,0.11%
Ghost Train Haze 2,,12.59%,0.12%
Sour Tsu,,0.43%,8.13%
Middle Fork,,15.77%,0.08%
Gorilla Glue #4,,24.09%,0.14%
Cherry Pie,,17.47%,0.10%
Black Betty,,21.84%,0.13%
Holy Grail OG,,16.49%,0.20%
Double Dream,,20.67%,0.14%
Lime Green Skunk,,22.14%,0.17%
Thin Mint Cookies,,25.42%,0.15%
Rottweiler,,19.11%,0.16%
Charlot’s Web,,6.76%,10.61%
Marionberry Kush #8,,17.98%,0.12%
Marionberry Kush #1,,19.97%,0.15%
Fruit Punch,,20.31%,0.21%
Nick’s Animal Cookies,,15.50%,0.14%
Nick’s Alien OG Bx,,22.70%,0.14%
Puff Puff Pass Out,,14.12%,0.14%
Nick’s Tahoe OG,,18.44%,0.21%
Keith’s Sour Diesel,,18.16%,0.19%
Keith’s Blue Dream,,16.43%,0.28%
Orange Skunk,,22.40%,0.13%
Double Dream,,13.47%,0.09%
John Seckar Kush (JSK),,16.65%,0.18%
OG Flow (Chino),,15.22%,0.09%
Chino’s Kush (Chino),,21.22%,0.28%
Churria’s Kush (Ingrid + Train Wreck),,16.92%,0.22%
The White,,29.35%,0.25%
Kimbo Kush #2,,21.62%,0.23%
Kimbo Kush #1,,20.04%,0.22%
Fruity Pebbles OG,,21.97%,0.30%
The White,,26.93%,0.21%
Stoney Starfighter,,19.69%,0.14%
Alien Starfighter #1,,20.39%,0.16%
Black Spirit,,22.02%,0.15%
Alien Starfighter #2,,19.00%,0.17%
Lavender,,16.62%,0.10%
Dutch Treat,,23.51%,0.20%
Cynex,,10.37%,0.04%
Blue Dream,,23.55%,0.19%
H10 A1,,0.45%,9.32%
H08 A1,,0.36%,6.57%
Dutch Treat (Clover Creek Gardens),,18.60%,0.13%
Promiscuous Mother,,5.80%,8.40%
Stephen Hawking CBD,,4.49%,7.68%
Monster,,24.38%,0.15%
The White,,25.73%,0.16%
Pineapple,,15.96%,0.15%
AK47,,13.85%,0.14%
9lb Hammer (Benzo Farms),,20.01%,0.17%
UW Purple,,21.61%,0.20%
Sour Tsunami W9,,0.79%,11.86%
T&R Pineapple Express,,20.77%,0.16%
Phat Stix (Blackberry),,9.82%,0.07%
Chocolate Hashberry,,19.05%,0.13%
Gorilla Scout,,20.03%,0.16%
White Heat,,26.00%,0.30%
Orange Kush,,23.07%,0.24%
Permafrost,,22.59%,0.24%
The White,,27.12%,0.32%
Albert Walker,,15.48%,0.11%
Banana OG (DE),,24.78%,0.22%
Blue Dream (DE),,19.86%,0.18%
Durban Poison (GM),,16.42%,0.07%
Shiatsu #2,,6.15%,10.24%
Trainwreck #1,,18.84%,0.25%
Dutch’s Blue Dream,,19.72%,0.22%
Bob Marley,,13.39%,0.17%
Purple Glue,,23.16%,0.16%
Megatron,,17.07%,0.14%
Humboldt Honey,,21.59%,0.18%
Animal Cookies,,18.38%,0.13%
DOA,,18.92%,0.14%
Holy Grail Kush,,17.49%,0.13%
Black Berry Headband,,15.95%,0.25%
GG4,,15.39%,0.07%
Cookies + Cream,,20.22%,0.21%
Diablo Kush,,22.25%,0.24%
Dungeness OG,,26.77%,0.22%
O,,15.87%,0.14%
BL,,19.47%,0.20%
Cheezel / Rhy’s Lightning,,18.38%,0.19%
Gorilla Glue (Reese),,24.31%,0.26%
Fat Purple,,11.92%,0.05%
Utopia Kush,,15.97%,0.16%
Super Silver Haze,,23.50%,0.17%
UM 4,,20.31%,0.23%
Great White Shark,,14.04%,0.06%
Loud Pie,,14.35%,0.10%
Snowman,,18.84%,0.17%
Lavender,,12.86%,0.16%
Girl Scout Cookie,,23.93%,0.14%
OG Kush,,20.90%,0.20%
AK47 (Dead Tree Farms),,13.20%,0.16%
Sour Tsunami W8,,0.95%,14.18%
Pineapple,,25.00%,0.29%
XJ13,,18.61%,0.13%
Rare Dis,,21.80%,0.29%
Rare Dawg,,17.98%,0.26%
HO,,20.59%,0.23%
Yogi Diesel,,15.20%,< 0.01%
Mayweather OG,,18.59%,0.03%
Girl Scout Cookies,,13.41%,0.07%